<?xml version="1.0" encoding="UTF-8"?><ValueSet xmlns="http://hl7.org/fhir"><id value="AnimalRace"/><text><status value="generated"/><div xmlns="http://www.w3.org/1999/xhtml"><p class="res-header-id"><b>Generated Narrative: ValueSet AnimalRace</b></p><a name="AnimalRace"> </a><a name="hcAnimalRace"> </a><a name="hcAnimalRace-en-US"> </a><ul><li>Include all codes defined in <a href="CodeSystem-AnimalRace.html"><code>http://team-a-hl7.org/fhir/CodeSystem/AnimalRaceCs</code></a></li></ul></div></text><url value="http://team-a-hl7.org/fhir/ValueSet/AnimalRaceList"/><version value="0.1"/><name value="AnimalRace"/><title value="Animal Race Value Set"/><status value="active"/><experimental value="true"/><date value="2024-07-24T22:33:22-05:00"/><publisher value="HL7 Colombia - Official Affiliate of Health Level Seven International"/><contact><name value="HL7 Colombia - Official Affiliate of Health Level Seven International"/><telecom><system value="url"/><value value="http://www.hl7co.org"/></telecom><telecom><system value="email"/><value value="nombre@example.com"/></telecom></contact><contact><name value="Carolina Rodriguez"/><telecom><system value="email"/><value value="carolina.rodriguez@example.org"/><use value="work"/></telecom></contact><contact><name value="Juan Pérez"/><telecom><system value="email"/><value value="juan.perez@example.org"/><use value="work"/></telecom></contact><description value="Codes of the Animal Race types"/><jurisdiction><coding><display value="Colombia"/></coding></jurisdiction><purpose value="This FHIR resource type CodeSystem has been created for educational purposes."/><compose><include><system value="http://team-a-hl7.org/fhir/CodeSystem/AnimalRaceCs"/></include></compose></ValueSet>