{"resourceType":"CodeSystem","id":"AnimalRace","text":{"status":"generated","div":"<div xmlns=\"http://www.w3.org/1999/xhtml\"><p class=\"res-header-id\"><b>Generated Narrative: CodeSystem AnimalRace</b></p><a name=\"AnimalRace\"> </a><a name=\"hcAnimalRace\"> </a><a name=\"hcAnimalRace-en-US\"> </a><p>This  code system <code>http://team-a-hl7.org/fhir/CodeSystem/AnimalRaceCs</code> defines the following codes in an undefined hierarchy:</p><table class=\"codes\"><tr><td><b>Lvl</b></td><td style=\"white-space:nowrap\"><b>Code</b></td><td><b>Display</b></td></tr><tr><td>1</td><td style=\"white-space:nowrap\">BIRD<a name=\"AnimalRace-BIRD\"> </a></td><td>Pajaro</td></tr><tr><td>2</td><td style=\"white-space:nowrap\">\u00a0\u00a0CANARY<a name=\"AnimalRace-CANARY\"> </a></td><td>Canario</td></tr><tr><td>2</td><td style=\"white-space:nowrap\">\u00a0\u00a0COCKATOO<a name=\"AnimalRace-COCKATOO\"> </a></td><td>Cacatua</td></tr><tr><td>2</td><td style=\"white-space:nowrap\">\u00a0\u00a0CROWN<a name=\"AnimalRace-CROWN\"> </a></td><td>Cuervo</td></tr><tr><td>1</td><td style=\"white-space:nowrap\">FELINE<a name=\"AnimalRace-FELINE\"> </a></td><td>Felino</td></tr><tr><td>2</td><td style=\"white-space:nowrap\">\u00a0\u00a0ANGORA<a name=\"AnimalRace-ANGORA\"> </a></td><td>Angora</td></tr><tr><td>2</td><td style=\"white-space:nowrap\">\u00a0\u00a0PERSIAN<a name=\"AnimalRace-PERSIAN\"> </a></td><td>Persa</td></tr><tr><td>2</td><td style=\"white-space:nowrap\">\u00a0\u00a0SIBERIAN<a name=\"AnimalRace-SIBERIAN\"> </a></td><td>Siberiano</td></tr><tr><td>1</td><td style=\"white-space:nowrap\">CANINE<a name=\"AnimalRace-CANINE\"> </a></td><td>Canino</td></tr><tr><td>2</td><td style=\"white-space:nowrap\">\u00a0\u00a0PUG<a name=\"AnimalRace-PUG\"> </a></td><td>Pug</td></tr><tr><td>2</td><td style=\"white-space:nowrap\">\u00a0\u00a0GERMANSHEPARD<a name=\"AnimalRace-GERMANSHEPARD\"> </a></td><td>Pastor Alemán</td></tr><tr><td>2</td><td style=\"white-space:nowrap\">\u00a0\u00a0PUDDLE<a name=\"AnimalRace-PUDDLE\"> </a></td><td>French Puddle</td></tr></table></div>"},"url":"http://team-a-hl7.org/fhir/CodeSystem/AnimalRaceCs","version":"0.1","name":"AnimalRace","title":"AnimalRace","status":"active","experimental":true,"date":"2024-07-24T22:33:22-05:00","publisher":"HL7 Colombia - Official Affiliate of Health Level Seven International","contact":[{"name":"HL7 Colombia - Official Affiliate of Health Level Seven International","telecom":[{"system":"url","value":"http://www.hl7co.org"},{"system":"email","value":"nombre@example.com"}]},{"name":"Carolina Rodriguez","telecom":[{"system":"email","value":"carolina.rodriguez@example.org","use":"work"}]},{"name":"Juan Pérez","telecom":[{"system":"email","value":"juan.perez@example.org","use":"work"}]}],"description":"Codes of the different Animal Races","jurisdiction":[{"coding":[{"display":"Colombia"}]}],"purpose":"This FHIR resource type CodeSystem has been created for educational purposes.","content":"complete","count":12,"concept":[{"code":"BIRD","display":"Pajaro","concept":[{"code":"CANARY","display":"Canario"},{"code":"COCKATOO","display":"Cacatua"},{"code":"CROWN","display":"Cuervo"}]},{"code":"FELINE","display":"Felino","concept":[{"code":"ANGORA","display":"Angora"},{"code":"PERSIAN","display":"Persa"},{"code":"SIBERIAN","display":"Siberiano"}]},{"code":"CANINE","display":"Canino","concept":[{"code":"PUG","display":"Pug"},{"code":"GERMANSHEPARD","display":"Pastor Alemán"},{"code":"PUDDLE","display":"French Puddle"}]}]}