{
  "resourceType": "StructureDefinition",
  "id": "PetOwnerRelatedPerson",
  "url": "https://team-a-hl7.org/fhir/StructureDefinition/PetOwnerRelatedPersonProfile",
  "name": "PetOwnerRelatedPerson",
  "status": "draft",
  "contact": [
    {
      "telecom": [
        {
          "system": "phone"
        }
      ]
    }
  ],
  "fhirVersion": "4.0.1",
  "kind": "resource",
  "abstract": false,
  "type": "RelatedPerson",
  "baseDefinition": "http://hl7.org/fhir/StructureDefinition/RelatedPerson",
  "derivation": "constraint",
  "differential": {
    "element": [
      {
        "id": "RelatedPerson.identifier",
        "path": "RelatedPerson.identifier",
        "min": 1,
        "max": "1"
      },
      {
        "id": "RelatedPerson.identifier.use",
        "path": "RelatedPerson.identifier.use",
        "min": 1
      },
      {
        "id": "RelatedPerson.identifier.type",
        "path": "RelatedPerson.identifier.type",
        "min": 1
      },
      {
        "id": "RelatedPerson.identifier.type.coding.system",
        "path": "RelatedPerson.identifier.type.coding.system",
        "label": "Terminología",
        "min": 1,
        "fixedUri": "http://terminology.hl7.org/CodeSystem/v2-0203"
      },
      {
        "id": "RelatedPerson.identifier.type.coding.version",
        "path": "RelatedPerson.identifier.type.coding.version",
        "max": "0"
      },
      {
        "id": "RelatedPerson.identifier.type.coding.code",
        "path": "RelatedPerson.identifier.type.coding.code",
        "min": 1,
        "patternCode": "PN"
      },
      {
        "id": "RelatedPerson.identifier.type.coding.display",
        "path": "RelatedPerson.identifier.type.coding.display",
        "min": 1,
        "fixedString": "Person Number"
      },
      {
        "id": "RelatedPerson.identifier.type.coding.userSelected",
        "path": "RelatedPerson.identifier.type.coding.userSelected",
        "max": "0"
      },
      {
        "id": "RelatedPerson.identifier.type.text",
        "path": "RelatedPerson.identifier.type.text",
        "max": "0"
      },
      {
        "id": "RelatedPerson.identifier.system",
        "path": "RelatedPerson.identifier.system",
        "max": "0"
      },
      {
        "id": "RelatedPerson.identifier.value",
        "path": "RelatedPerson.identifier.value",
        "min": 1
      },
      {
        "id": "RelatedPerson.identifier.period",
        "path": "RelatedPerson.identifier.period",
        "max": "0"
      },
      {
        "id": "RelatedPerson.identifier.assigner",
        "path": "RelatedPerson.identifier.assigner",
        "max": "0"
      },
      {
        "id": "RelatedPerson.patient",
        "path": "RelatedPerson.patient",
        "type": [
          {
            "code": "Reference",
            "targetProfile": [
              "https://team-a-hl7.org/fhir/StructureDefinition/PetPatient"
            ]
          }
        ]
      },
      {
        "id": "RelatedPerson.patient.reference",
        "path": "RelatedPerson.patient.reference",
        "min": 1
      },
      {
        "id": "RelatedPerson.relationship",
        "path": "RelatedPerson.relationship",
        "min": 1,
        "max": "1"
      },
      {
        "id": "RelatedPerson.relationship.coding",
        "path": "RelatedPerson.relationship.coding",
        "slicing": {
          "discriminator": [
            {
              "type": "value",
              "path": "system"
            }
          ],
          "rules": "open"
        },
        "min": 1
      },
      {
        "id": "RelatedPerson.relationship.coding:PetOwnership",
        "path": "RelatedPerson.relationship.coding",
        "sliceName": "PetOwnership",
        "min": 1,
        "max": "1"
      },
      {
        "id": "RelatedPerson.relationship.coding:PetOwnership.system",
        "path": "RelatedPerson.relationship.coding.system",
        "min": 1,
        "fixedUri": "http://snomed.info/sct"
      },
      {
        "id": "RelatedPerson.relationship.coding:PetOwnership.code",
        "path": "RelatedPerson.relationship.coding.code",
        "min": 1,
        "fixedCode": "224150009"
      },
      {
        "id": "RelatedPerson.relationship.coding:PetOwnership.display",
        "path": "RelatedPerson.relationship.coding.display",
        "min": 1,
        "fixedString": "Pet ownership"
      },
      {
        "id": "RelatedPerson.name",
        "path": "RelatedPerson.name",
        "min": 1,
        "max": "1"
      },
      {
        "id": "RelatedPerson.name.use",
        "path": "RelatedPerson.name.use",
        "max": "0"
      },
      {
        "id": "RelatedPerson.name.text",
        "path": "RelatedPerson.name.text",
        "min": 1
      },
      {
        "id": "RelatedPerson.name.family",
        "path": "RelatedPerson.name.family",
        "min": 1
      },
      {
        "id": "RelatedPerson.name.given",
        "path": "RelatedPerson.name.given",
        "min": 1,
        "max": "1"
      },
      {
        "id": "RelatedPerson.telecom",
        "path": "RelatedPerson.telecom",
        "min": 1
      },
      {
        "id": "RelatedPerson.telecom.system",
        "path": "RelatedPerson.telecom.system",
        "min": 1,
        "patternCode": "phone"
      },
      {
        "id": "RelatedPerson.telecom.value",
        "path": "RelatedPerson.telecom.value",
        "min": 1
      },
      {
        "id": "RelatedPerson.address",
        "path": "RelatedPerson.address",
        "min": 1,
        "max": "1"
      },
      {
        "id": "RelatedPerson.address.use",
        "path": "RelatedPerson.address.use",
        "min": 1
      },
      {
        "id": "RelatedPerson.address.type",
        "path": "RelatedPerson.address.type",
        "max": "0"
      },
      {
        "id": "RelatedPerson.address.text",
        "path": "RelatedPerson.address.text",
        "min": 1
      },
      {
        "id": "RelatedPerson.address.city",
        "path": "RelatedPerson.address.city",
        "min": 1
      },
      {
        "id": "RelatedPerson.address.state",
        "path": "RelatedPerson.address.state",
        "min": 1
      },
      {
        "id": "RelatedPerson.address.postalCode",
        "path": "RelatedPerson.address.postalCode",
        "min": 1
      },
      {
        "id": "RelatedPerson.address.country",
        "path": "RelatedPerson.address.country",
        "min": 1
      }
    ]
  }
}
