{
  "resourceType": "StructureDefinition",
  "id": "PetZootechnicalPurpose",
  "url": "https://team-a-hl7.org/fhir/StructureDefinition/PetZootechnicalPurpose",
  "name": "PetZootechnicalPurpose",
  "status": "draft",
  "fhirVersion": "4.0.1",
  "kind": "resource",
  "abstract": false,
  "type": "Observation",
  "baseDefinition": "http://hl7.org/fhir/StructureDefinition/Observation",
  "derivation": "constraint",
  "differential": {
    "element": [
      {
        "id": "Observation.value[x]",
        "path": "Observation.value[x]",
        "min": 1,
        "type": [
          {
            "code": "string"
          }
        ]
      }
    ]
  }
}
