{
  "resourceType": "StructureDefinition",
  "id": "PetTypeCoat",
  "url": "https://team-a-hl7.org/fhir/StructureDefinition/PetTypeCoat",
  "name": "PetTypeCoat",
  "status": "draft",
  "fhirVersion": "4.0.1",
  "kind": "resource",
  "abstract": false,
  "type": "Observation",
  "baseDefinition": "http://hl7.org/fhir/StructureDefinition/Observation",
  "derivation": "constraint",
  "differential": {
    "element": [
      {
        "id": "Observation.value[x]",
        "path": "Observation.value[x]",
        "min": 1,
        "type": [
          {
            "code": "CodeableConcept"
          }
        ],
        "binding": {
          "strength": "required",
          "valueSet": "http://team-a-hl7.org/fhir/ValueSet/AnimalSpecieList"
        }
      },
      {
        "id": "Observation.value[x].coding",
        "path": "Observation.value[x].coding",
        "min": 1,
        "max": "1"
      },
      {
        "id": "Observation.value[x].coding.system",
        "path": "Observation.value[x].coding.system",
        "min": 1,
        "fixedUri": "http://team-a-hl7.org/fhir/CodeSystem/AnimalSpecieCs"
      },
      {
        "id": "Observation.value[x].coding.code",
        "path": "Observation.value[x].coding.code",
        "min": 1
      },
      {
        "id": "Observation.value[x].text",
        "path": "Observation.value[x].text",
        "max": "0"
      }
    ]
  }
}
