{
  "resourceType": "StructureDefinition",
  "id": "PetWeight",
  "url": "https://team-a-hl7.org/fhir/StructureDefinition/PetWeight",
  "name": "PetWeight",
  "status": "draft",
  "fhirVersion": "4.0.1",
  "kind": "resource",
  "abstract": false,
  "type": "Observation",
  "baseDefinition": "http://hl7.org/fhir/StructureDefinition/Observation",
  "derivation": "constraint",
  "differential": {
    "element": [
      {
        "id": "Observation.value[x]",
        "path": "Observation.value[x]",
        "min": 1,
        "type": [
          {
            "code": "Quantity"
          }
        ]
      },
      {
        "id": "Observation.value[x].value",
        "path": "Observation.value[x].value",
        "min": 1
      },
      {
        "id": "Observation.value[x].unit",
        "path": "Observation.value[x].unit",
        "min": 1,
        "patternString": "kg"
      },
      {
        "id": "Observation.value[x].system",
        "path": "Observation.value[x].system",
        "min": 1,
        "fixedUri": "http://unitsofmeasure.org"
      }
    ]
  }
}
