{
  "resourceType": "StructureDefinition",
  "id": "VetOrganization",
  "url": "https://team-a-hl7.org/fhir/StructureDefinition/VetOrganization",
  "name": "VetOrganization",
  "status": "draft",
  "contact": [
    {
      "telecom": [
        {
          "system": "phone"
        }
      ]
    }
  ],
  "fhirVersion": "4.0.1",
  "kind": "resource",
  "abstract": false,
  "type": "Organization",
  "baseDefinition": "http://hl7.org/fhir/StructureDefinition/Organization",
  "derivation": "constraint",
  "differential": {
    "element": [
      {
        "id": "Organization.identifier",
        "path": "Organization.identifier",
        "min": 1,
        "max": "1"
      },
      {
        "id": "Organization.identifier.use",
        "path": "Organization.identifier.use",
        "min": 1
      },
      {
        "id": "Organization.identifier.type",
        "path": "Organization.identifier.type",
        "min": 1
      },
      {
        "id": "Organization.identifier.type.coding.system",
        "path": "Organization.identifier.type.coding.system",
        "label": "Terminología",
        "min": 1,
        "fixedUri": "http://terminology.hl7.org/CodeSystem/v2-0203"
      },
      {
        "id": "Organization.identifier.type.coding.version",
        "path": "Organization.identifier.type.coding.version",
        "max": "0"
      },
      {
        "id": "Organization.identifier.type.coding.code",
        "path": "Organization.identifier.type.coding.code",
        "min": 1,
        "patternCode": "TAX"
      },
      {
        "id": "Organization.identifier.type.coding.display",
        "path": "Organization.identifier.type.coding.display",
        "min": 1,
        "fixedString": "Tax ID number"
      },
      {
        "id": "Organization.identifier.type.coding.userSelected",
        "path": "Organization.identifier.type.coding.userSelected",
        "max": "0"
      },
      {
        "id": "Organization.identifier.type.text",
        "path": "Organization.identifier.type.text",
        "max": "0"
      },
      {
        "id": "Organization.identifier.system",
        "path": "Organization.identifier.system",
        "max": "0"
      },
      {
        "id": "Organization.identifier.value",
        "path": "Organization.identifier.value",
        "min": 1
      },
      {
        "id": "Organization.identifier.period",
        "path": "Organization.identifier.period",
        "max": "0"
      },
      {
        "id": "Organization.identifier.assigner",
        "path": "Organization.identifier.assigner",
        "max": "0"
      },
      {
        "id": "Organization.type",
        "path": "Organization.type",
        "min": 1,
        "max": "1"
      },
      {
        "id": "Organization.type.coding",
        "path": "Organization.type.coding",
        "slicing": {
          "discriminator": [
            {
              "type": "value",
              "path": "system"
            }
          ],
          "rules": "open"
        },
        "min": 1
      },
      {
        "id": "Organization.type.coding:VetOrganization",
        "path": "Organization.type.coding",
        "sliceName": "VetOrganization",
        "min": 1,
        "max": "1"
      },
      {
        "id": "Organization.type.coding:VetOrganization.system",
        "path": "Organization.type.coding.system",
        "min": 1,
        "fixedUri": "http://team-a-hl7.org/fhir/CodeSystem/VetOrganizationCs"
      },
      {
        "id": "Organization.type.coding:VetOrganization.code",
        "path": "Organization.type.coding.code",
        "min": 1
      },
      {
        "id": "Organization.type.coding:VetOrganization.display",
        "path": "Organization.type.coding.display",
        "min": 1
      },
      {
        "id": "Organization.name",
        "path": "Organization.name",
        "min": 1
      },
      {
        "id": "Organization.telecom",
        "path": "Organization.telecom",
        "min": 1
      },
      {
        "id": "Organization.telecom.system",
        "path": "Organization.telecom.system",
        "min": 1,
        "patternCode": "phone"
      },
      {
        "id": "Organization.telecom.value",
        "path": "Organization.telecom.value",
        "min": 1
      },
      {
        "id": "Organization.address",
        "path": "Organization.address",
        "min": 1,
        "max": "1"
      },
      {
        "id": "Organization.address.use",
        "path": "Organization.address.use",
        "min": 1
      },
      {
        "id": "Organization.address.type",
        "path": "Organization.address.type",
        "max": "0"
      },
      {
        "id": "Organization.address.text",
        "path": "Organization.address.text",
        "min": 1
      },
      {
        "id": "Organization.address.city",
        "path": "Organization.address.city",
        "min": 1
      },
      {
        "id": "Organization.address.state",
        "path": "Organization.address.state",
        "min": 1
      },
      {
        "id": "Organization.address.postalCode",
        "path": "Organization.address.postalCode",
        "min": 1
      },
      {
        "id": "Organization.address.country",
        "path": "Organization.address.country",
        "min": 1
      },
      {
        "id": "Organization.contact",
        "path": "Organization.contact",
        "max": "0"
      }
    ]
  }
}
