{
  "resourceType": "StructureDefinition",
  "id": "PetPatient",
  "url": "https://team-a-hl7.org/fhir/StructureDefinition/PetPatient",
  "name": "PetPatient",
  "status": "draft",
  "fhirVersion": "4.0.1",
  "kind": "resource",
  "abstract": false,
  "type": "Patient",
  "baseDefinition": "http://hl7.org/fhir/StructureDefinition/Patient",
  "derivation": "constraint",
  "differential": {
    "element": [
      {
        "id": "Patient",
        "path": "Patient",
        "constraint": [
          {
            "key": "birth-date-under-right-format",
            "severity": "error",
            "human": "La fecha de nacimiento, solo debe representarse con el formato adecuado (YYYY-MM-DD solamente).",
            "expression": "birthDate.toString().matches('^[0-9]{4}-[0-9]{2}-[0-9]{2}$')",
            "source": "https://team-a-hl7.org/fhir/StructureDefinition/PetPatient"
          }
        ]
      },
      {
        "id": "Patient.extension",
        "path": "Patient.extension",
        "slicing": {
          "discriminator": [
            {
              "type": "value",
              "path": "url"
            }
          ],
          "rules": "open"
        },
        "min": 3
      },
      {
        "id": "Patient.extension:AnimalSpecie",
        "path": "Patient.extension",
        "sliceName": "AnimalSpecie",
        "min": 1,
        "max": "1",
        "type": [
          {
            "code": "Extension",
            "profile": [
              "http://team-a-hl7.org/fhir/StructureDefinition/AnimalSpecie"
            ]
          }
        ]
      },
      {
        "id": "Patient.extension:AnimalRace",
        "path": "Patient.extension",
        "sliceName": "AnimalRace",
        "min": 1,
        "max": "1",
        "type": [
          {
            "code": "Extension",
            "profile": [
              "http://team-a-hl7.org/fhir/StructureDefinition/AnimalRace"
            ]
          }
        ]
      },
      {
        "id": "Patient.extension:AnimalGenderStatus",
        "path": "Patient.extension",
        "sliceName": "AnimalGenderStatus",
        "min": 1,
        "max": "1",
        "type": [
          {
            "code": "Extension",
            "profile": [
              "http://team-a-hl7.org/fhir/StructureDefinition/AniamalGenderStatus"
            ]
          }
        ]
      },
      {
        "id": "Patient.identifier",
        "path": "Patient.identifier",
        "slicing": {
          "discriminator": [
            {
              "type": "value",
              "path": "system"
            }
          ],
          "rules": "open"
        },
        "min": 1
      },
      {
        "id": "Patient.identifier:MedicalRecordNumber",
        "path": "Patient.identifier",
        "sliceName": "MedicalRecordNumber",
        "min": 1,
        "max": "*"
      },
      {
        "id": "Patient.identifier:MedicalRecordNumber.type.coding.system",
        "path": "Patient.identifier.type.coding.system",
        "min": 1,
        "fixedUri": "http://terminology.hl7.org/CodeSystem/v2-0203"
      },
      {
        "id": "Patient.identifier:MedicalRecordNumber.type.coding.code",
        "path": "Patient.identifier.type.coding.code",
        "min": 1,
        "fixedCode": "MR"
      },
      {
        "id": "Patient.identifier:MedicalRecordNumber.type.coding.display",
        "path": "Patient.identifier.type.coding.display",
        "min": 1,
        "fixedString": "Medical record number"
      },
      {
        "id": "Patient.identifier:MedicalRecordNumber.system",
        "path": "Patient.identifier.system",
        "min": 1
      },
      {
        "id": "Patient.identifier:MedicalRecordNumber.value",
        "path": "Patient.identifier.value",
        "min": 1
      },
      {
        "id": "Patient.identifier:MicrochipNumber",
        "path": "Patient.identifier",
        "sliceName": "MicrochipNumber",
        "min": 0,
        "max": "1"
      },
      {
        "id": "Patient.identifier:MicrochipNumber.type.coding.system",
        "path": "Patient.identifier.type.coding.system",
        "min": 1,
        "fixedUri": "http://terminology.hl7.org/CodeSystem/v2-0203"
      },
      {
        "id": "Patient.identifier:MicrochipNumber.type.coding.code",
        "path": "Patient.identifier.type.coding.code",
        "min": 1,
        "fixedCode": "MCR"
      },
      {
        "id": "Patient.identifier:MicrochipNumber.type.coding.display",
        "path": "Patient.identifier.type.coding.display",
        "min": 1,
        "fixedString": "Microchip Number"
      },
      {
        "id": "Patient.identifier:MicrochipNumber.system",
        "path": "Patient.identifier.system",
        "min": 1
      },
      {
        "id": "Patient.identifier:MicrochipNumber.value",
        "path": "Patient.identifier.value",
        "min": 1
      },
      {
        "id": "Patient.active",
        "path": "Patient.active",
        "min": 1
      },
      {
        "id": "Patient.name.text",
        "path": "Patient.name.text",
        "min": 1
      },
      {
        "id": "Patient.gender",
        "path": "Patient.gender",
        "min": 1
      },
      {
        "id": "Patient.birthDate",
        "path": "Patient.birthDate",
        "min": 1
      },
      {
        "id": "Patient.contact",
        "path": "Patient.contact",
        "min": 1,
        "max": "1"
      },
      {
        "id": "Patient.contact.relationship",
        "path": "Patient.contact.relationship",
        "min": 1,
        "max": "1"
      },
      {
        "id": "Patient.contact.relationship.coding",
        "path": "Patient.contact.relationship.coding",
        "min": 1,
        "max": "1",
        "binding": {
          "strength": "required",
          "valueSet": "http://team-a-hl7.org/fhir/ValueSet/PetPatientContactRoleList"
        }
      },
      {
        "id": "Patient.contact.relationship.coding.system",
        "path": "Patient.contact.relationship.coding.system",
        "min": 1,
        "fixedUri": "http://snomed.info/sct"
      },
      {
        "id": "Patient.contact.relationship.coding.code",
        "path": "Patient.contact.relationship.coding.code",
        "min": 1
      },
      {
        "id": "Patient.link",
        "path": "Patient.link",
        "min": 1,
        "max": "1"
      },
      {
        "id": "Patient.link.other",
        "path": "Patient.link.other",
        "type": [
          {
            "code": "Reference",
            "targetProfile": [
              "https://team-a-hl7.org/fhir/StructureDefinition/PetOwnerRelatedPersonProfile"
            ],
            "extension": [
              {
                "url": "http://hl7.org/fhir/StructureDefinition/structuredefinition-hierarchy",
                "valueBoolean": false
              }
            ]
          }
        ]
      }
    ]
  }
}
