{
  "resourceType": "StructureDefinition",
  "id": "AnimalRace",
  "url": "http://team-a-hl7.org/fhir/StructureDefinition/AnimalRace",
  "name": "AnimalRace",
  "status": "draft",
  "fhirVersion": "4.0.1",
  "kind": "complex-type",
  "abstract": false,
  "context": [
    {
      "type": "element",
      "expression": "PetPatient"
    }
  ],
  "type": "Extension",
  "baseDefinition": "http://hl7.org/fhir/StructureDefinition/Extension",
  "derivation": "constraint",
  "differential": {
    "element": [
      {
        "id": "Extension.extension",
        "path": "Extension.extension",
        "max": "0"
      },
      {
        "id": "Extension.url",
        "path": "Extension.url",
        "fixedUri": "http://team-a-hl7.org/fhir/StructureDefinition/AnimalRace"
      },
      {
        "id": "Extension.value[x]",
        "path": "Extension.value[x]",
        "min": 1,
        "type": [
          {
            "code": "CodeableConcept"
          }
        ],
        "binding": {
          "strength": "required",
          "valueSet": "http://team-a-hl7.org/fhir/ValueSet/AnimalRaceList"
        }
      },
      {
        "id": "Extension.value[x].coding",
        "path": "Extension.value[x].coding",
        "min": 1,
        "max": "1"
      },
      {
        "id": "Extension.value[x].coding.system",
        "path": "Extension.value[x].coding.system",
        "min": 1,
        "fixedUri": "http://team-a-hl7.org/fhir/CodeSystem/AnimalRaceCs"
      },
      {
        "id": "Extension.value[x].coding.code",
        "path": "Extension.value[x].coding.code",
        "min": 1
      }
    ]
  }
}
