<?xml version="1.0" encoding="UTF-8"?>

<Bundle xmlns="http://hl7.org/fhir">
  <id value="f118cb99-c22b-49c6-8475-9669017bcda2"/>
  <meta>
    <lastUpdated value="2024-07-24T22:33:22.326-05:00"/>
  </meta>
  <type value="collection"/>
  <entry>
    <fullUrl value="http://team-a-hl7.org/fhir/ValueSet/AnimalGenderStatus"/>
    <resource>
      <ValueSet>
        <text>
          <status value="generated"/>
          <div xmlns="http://www.w3.org/1999/xhtml">
            <p class="res-header-id">
              <b>Generated Narrative: ValueSet </b>
            </p>
            <p style="border: black 1px dotted; background-color: #EEEEEE; padding: 8px; margin-bottom: 8px">Expansion based on 
              <a href="http://hl7.org/fhir/extensions/5.1.0/CodeSystem-animal-genderstatus.html">codesystem gender status code system v5.1.0 (CodeSystem)</a>
            </p>
            <p>This value set contains 3 concepts</p>
            <table class="codes">
              <tr>
                <td style="white-space:nowrap">
                  <b>Code</b>
                </td>
                <td>
                  <b>System</b>
                </td>
                <td>
                  <b>Display</b>
                </td>
                <td>
                  <b>Definition</b>
                </td>
              </tr>
              <tr>
                <td style="white-space:nowrap">
                  <a name="null-x-http---hl7.org-fhir-animal-genderstatus-neutered"> </a>  
                  <a href="http://hl7.org/fhir/extensions/5.1.0/CodeSystem-animal-genderstatus.html#animal-genderstatus-neutered">neutered</a>
                </td>
                <td>http://hl7.org/fhir/animal-genderstatus</td>
                <td>Neutered</td>
                <td>
                  <div>
                    <p>The animal has been sterilized, castrated or otherwise made infertile.</p>

                  </div>
                </td>
              </tr>
              <tr>
                <td style="white-space:nowrap">
                  <a name="null-x-http---hl7.org-fhir-animal-genderstatus-intact"> </a>  
                  <a href="http://hl7.org/fhir/extensions/5.1.0/CodeSystem-animal-genderstatus.html#animal-genderstatus-intact">intact</a>
                </td>
                <td>http://hl7.org/fhir/animal-genderstatus</td>
                <td>Intact</td>
                <td>
                  <div>
                    <p>The animal's reproductive organs are intact.</p>

                  </div>
                </td>
              </tr>
              <tr>
                <td style="white-space:nowrap">
                  <a name="null-x-http---hl7.org-fhir-animal-genderstatus-unknown"> </a>  
                  <a href="http://hl7.org/fhir/extensions/5.1.0/CodeSystem-animal-genderstatus.html#animal-genderstatus-unknown">unknown</a>
                </td>
                <td>http://hl7.org/fhir/animal-genderstatus</td>
                <td>Unknown</td>
                <td>
                  <div>
                    <p>Unable to determine whether the animal has been neutered.</p>

                  </div>
                </td>
              </tr>
            </table>
          </div>
        </text>
        <url value="http://team-a-hl7.org/fhir/ValueSet/AnimalGenderStatus"/>
        <version value="0.1"/>
        <name value="AnimalGenderStatus"/>
        <title value="Animal GenderStatus Value Set"/>
        <status value="active"/>
        <experimental value="true"/>
        <date value="2024-07-24T22:33:22-05:00"/>
        <jurisdiction>
          <coding>
            <display value="Colombia"/>
          </coding>
        </jurisdiction>
        <expansion>
          <identifier value="urn:uuid:81a361de-161a-479e-959e-8760b7cee327"/>
          <timestamp value="2024-07-24T22:33:44-05:00"/>
          <total value="3"/>
          <offset value="0"/>
          <parameter>
            <name value="count"/>
            <valueInteger value="1000"/>
          </parameter>
          <parameter>
            <name value="offset"/>
            <valueInteger value="0"/>
          </parameter>
          <parameter>
            <name value="excludeNested"/>
            <valueBoolean value="false"/>
          </parameter>
          <parameter>
            <name value="used-codesystem"/>
            <valueUri value="http://hl7.org/fhir/animal-genderstatus|5.1.0"/>
          </parameter>
          <contains>
            <system value="http://hl7.org/fhir/animal-genderstatus"/>
            <code value="neutered"/>
            <display value="Neutered"/>
          </contains>
          <contains>
            <system value="http://hl7.org/fhir/animal-genderstatus"/>
            <code value="intact"/>
            <display value="Intact"/>
          </contains>
          <contains>
            <system value="http://hl7.org/fhir/animal-genderstatus"/>
            <code value="unknown"/>
            <display value="Unknown"/>
          </contains>
        </expansion>
      </ValueSet>
    </resource>
  </entry>
  <entry>
    <fullUrl value="http://team-a-hl7.org/fhir/ValueSet/AnimalRaceList"/>
    <resource>
      <ValueSet>
        <text>
          <status value="generated"/>
          <div xmlns="http://www.w3.org/1999/xhtml">
            <p class="res-header-id">
              <b>Generated Narrative: ValueSet </b>
            </p>
            <p style="border: black 1px dotted; background-color: #EEEEEE; padding: 8px; margin-bottom: 8px">Expansion based on 
              <a href="CodeSystem-AnimalRace.html">codesystem AnimalRace v0.1 (CodeSystem)</a>
            </p>
            <p>This value set contains 12 concepts</p>
            <table class="codes">
              <tr>
                <td>
                  <b>Level</b>
                </td>
                <td style="white-space:nowrap">
                  <b>Code</b>
                </td>
                <td>
                  <b>System</b>
                </td>
                <td>
                  <b>Display</b>
                </td>
              </tr>
              <tr>
                <td>
                  <a name="null-x-http---team-a-hl7.org-fhir-CodeSystem-AnimalRaceCs-BIRD"> </a>1
                </td>
                <td style="white-space:nowrap">  
                  <a href="CodeSystem-AnimalRace.html#AnimalRace-BIRD">BIRD</a>
                </td>
                <td>http://team-a-hl7.org/fhir/CodeSystem/AnimalRaceCs</td>
                <td>Pajaro</td>
              </tr>
              <tr>
                <td>
                  <a name="null-x-http---team-a-hl7.org-fhir-CodeSystem-AnimalRaceCs-CANARY"> </a>2
                </td>
                <td style="white-space:nowrap">    
                  <a href="CodeSystem-AnimalRace.html#AnimalRace-CANARY">CANARY</a>
                </td>
                <td>http://team-a-hl7.org/fhir/CodeSystem/AnimalRaceCs</td>
                <td>Canario</td>
              </tr>
              <tr>
                <td>
                  <a name="null-x-http---team-a-hl7.org-fhir-CodeSystem-AnimalRaceCs-COCKATOO"> </a>2
                </td>
                <td style="white-space:nowrap">    
                  <a href="CodeSystem-AnimalRace.html#AnimalRace-COCKATOO">COCKATOO</a>
                </td>
                <td>http://team-a-hl7.org/fhir/CodeSystem/AnimalRaceCs</td>
                <td>Cacatua</td>
              </tr>
              <tr>
                <td>
                  <a name="null-x-http---team-a-hl7.org-fhir-CodeSystem-AnimalRaceCs-CROWN"> </a>2
                </td>
                <td style="white-space:nowrap">    
                  <a href="CodeSystem-AnimalRace.html#AnimalRace-CROWN">CROWN</a>
                </td>
                <td>http://team-a-hl7.org/fhir/CodeSystem/AnimalRaceCs</td>
                <td>Cuervo</td>
              </tr>
              <tr>
                <td>
                  <a name="null-x-http---team-a-hl7.org-fhir-CodeSystem-AnimalRaceCs-FELINE"> </a>1
                </td>
                <td style="white-space:nowrap">  
                  <a href="CodeSystem-AnimalRace.html#AnimalRace-FELINE">FELINE</a>
                </td>
                <td>http://team-a-hl7.org/fhir/CodeSystem/AnimalRaceCs</td>
                <td>Felino</td>
              </tr>
              <tr>
                <td>
                  <a name="null-x-http---team-a-hl7.org-fhir-CodeSystem-AnimalRaceCs-ANGORA"> </a>2
                </td>
                <td style="white-space:nowrap">    
                  <a href="CodeSystem-AnimalRace.html#AnimalRace-ANGORA">ANGORA</a>
                </td>
                <td>http://team-a-hl7.org/fhir/CodeSystem/AnimalRaceCs</td>
                <td>Angora</td>
              </tr>
              <tr>
                <td>
                  <a name="null-x-http---team-a-hl7.org-fhir-CodeSystem-AnimalRaceCs-PERSIAN"> </a>2
                </td>
                <td style="white-space:nowrap">    
                  <a href="CodeSystem-AnimalRace.html#AnimalRace-PERSIAN">PERSIAN</a>
                </td>
                <td>http://team-a-hl7.org/fhir/CodeSystem/AnimalRaceCs</td>
                <td>Persa</td>
              </tr>
              <tr>
                <td>
                  <a name="null-x-http---team-a-hl7.org-fhir-CodeSystem-AnimalRaceCs-SIBERIAN"> </a>2
                </td>
                <td style="white-space:nowrap">    
                  <a href="CodeSystem-AnimalRace.html#AnimalRace-SIBERIAN">SIBERIAN</a>
                </td>
                <td>http://team-a-hl7.org/fhir/CodeSystem/AnimalRaceCs</td>
                <td>Siberiano</td>
              </tr>
              <tr>
                <td>
                  <a name="null-x-http---team-a-hl7.org-fhir-CodeSystem-AnimalRaceCs-CANINE"> </a>1
                </td>
                <td style="white-space:nowrap">  
                  <a href="CodeSystem-AnimalRace.html#AnimalRace-CANINE">CANINE</a>
                </td>
                <td>http://team-a-hl7.org/fhir/CodeSystem/AnimalRaceCs</td>
                <td>Canino</td>
              </tr>
              <tr>
                <td>
                  <a name="null-x-http---team-a-hl7.org-fhir-CodeSystem-AnimalRaceCs-PUG"> </a>2
                </td>
                <td style="white-space:nowrap">    
                  <a href="CodeSystem-AnimalRace.html#AnimalRace-PUG">PUG</a>
                </td>
                <td>http://team-a-hl7.org/fhir/CodeSystem/AnimalRaceCs</td>
                <td>Pug</td>
              </tr>
              <tr>
                <td>
                  <a name="null-x-http---team-a-hl7.org-fhir-CodeSystem-AnimalRaceCs-GERMANSHEPARD"> </a>2
                </td>
                <td style="white-space:nowrap">    
                  <a href="CodeSystem-AnimalRace.html#AnimalRace-GERMANSHEPARD">GERMANSHEPARD</a>
                </td>
                <td>http://team-a-hl7.org/fhir/CodeSystem/AnimalRaceCs</td>
                <td>Pastor Alemán</td>
              </tr>
              <tr>
                <td>
                  <a name="null-x-http---team-a-hl7.org-fhir-CodeSystem-AnimalRaceCs-PUDDLE"> </a>2
                </td>
                <td style="white-space:nowrap">    
                  <a href="CodeSystem-AnimalRace.html#AnimalRace-PUDDLE">PUDDLE</a>
                </td>
                <td>http://team-a-hl7.org/fhir/CodeSystem/AnimalRaceCs</td>
                <td>French Puddle</td>
              </tr>
            </table>
          </div>
        </text>
        <url value="http://team-a-hl7.org/fhir/ValueSet/AnimalRaceList"/>
        <version value="0.1"/>
        <name value="AnimalRace"/>
        <title value="Animal Race Value Set"/>
        <status value="active"/>
        <experimental value="true"/>
        <date value="2024-07-24T22:33:22-05:00"/>
        <jurisdiction>
          <coding>
            <display value="Colombia"/>
          </coding>
        </jurisdiction>
        <expansion>
          <identifier value="urn:uuid:0d3b9651-adee-4f94-a9c6-28b240b40153"/>
          <timestamp value="2024-07-24T22:33:44-05:00"/>
          <total value="12"/>
          <offset value="0"/>
          <parameter>
            <name value="count"/>
            <valueInteger value="1000"/>
          </parameter>
          <parameter>
            <name value="offset"/>
            <valueInteger value="0"/>
          </parameter>
          <parameter>
            <name value="excludeNested"/>
            <valueBoolean value="false"/>
          </parameter>
          <parameter>
            <name value="used-codesystem"/>
            <valueUri value="http://team-a-hl7.org/fhir/CodeSystem/AnimalRaceCs|0.1"/>
          </parameter>
          <contains>
            <system value="http://team-a-hl7.org/fhir/CodeSystem/AnimalRaceCs"/>
            <code value="BIRD"/>
            <display value="Pajaro"/>
            <contains>
              <system value="http://team-a-hl7.org/fhir/CodeSystem/AnimalRaceCs"/>
              <code value="CANARY"/>
              <display value="Canario"/>
            </contains>
            <contains>
              <system value="http://team-a-hl7.org/fhir/CodeSystem/AnimalRaceCs"/>
              <code value="COCKATOO"/>
              <display value="Cacatua"/>
            </contains>
            <contains>
              <system value="http://team-a-hl7.org/fhir/CodeSystem/AnimalRaceCs"/>
              <code value="CROWN"/>
              <display value="Cuervo"/>
            </contains>
          </contains>
          <contains>
            <system value="http://team-a-hl7.org/fhir/CodeSystem/AnimalRaceCs"/>
            <code value="FELINE"/>
            <display value="Felino"/>
            <contains>
              <system value="http://team-a-hl7.org/fhir/CodeSystem/AnimalRaceCs"/>
              <code value="ANGORA"/>
              <display value="Angora"/>
            </contains>
            <contains>
              <system value="http://team-a-hl7.org/fhir/CodeSystem/AnimalRaceCs"/>
              <code value="PERSIAN"/>
              <display value="Persa"/>
            </contains>
            <contains>
              <system value="http://team-a-hl7.org/fhir/CodeSystem/AnimalRaceCs"/>
              <code value="SIBERIAN"/>
              <display value="Siberiano"/>
            </contains>
          </contains>
          <contains>
            <system value="http://team-a-hl7.org/fhir/CodeSystem/AnimalRaceCs"/>
            <code value="CANINE"/>
            <display value="Canino"/>
            <contains>
              <system value="http://team-a-hl7.org/fhir/CodeSystem/AnimalRaceCs"/>
              <code value="PUG"/>
              <display value="Pug"/>
            </contains>
            <contains>
              <system value="http://team-a-hl7.org/fhir/CodeSystem/AnimalRaceCs"/>
              <code value="GERMANSHEPARD"/>
              <display value="Pastor Alemán"/>
            </contains>
            <contains>
              <system value="http://team-a-hl7.org/fhir/CodeSystem/AnimalRaceCs"/>
              <code value="PUDDLE"/>
              <display value="French Puddle"/>
            </contains>
          </contains>
        </expansion>
      </ValueSet>
    </resource>
  </entry>
  <entry>
    <fullUrl value="http://team-a-hl7.org/fhir/ValueSet/AnimalSpecieList"/>
    <resource>
      <ValueSet>
        <text>
          <status value="generated"/>
          <div xmlns="http://www.w3.org/1999/xhtml">
            <p class="res-header-id">
              <b>Generated Narrative: ValueSet </b>
            </p>
            <p style="border: black 1px dotted; background-color: #EEEEEE; padding: 8px; margin-bottom: 8px">Expansion based on 
              <a href="CodeSystem-AnimalSpecie.html">codesystem AnimalSpecie v0.1 (CodeSystem)</a>
            </p>
            <p>This value set contains 3 concepts</p>
            <table class="codes">
              <tr>
                <td style="white-space:nowrap">
                  <b>Code</b>
                </td>
                <td>
                  <b>System</b>
                </td>
                <td>
                  <b>Display</b>
                </td>
              </tr>
              <tr>
                <td style="white-space:nowrap">
                  <a name="null-x-http---team-a-hl7.org-fhir-CodeSystem-AnimalSpecieCs-BIRD"> </a>  
                  <a href="CodeSystem-AnimalSpecie.html#AnimalSpecie-BIRD">BIRD</a>
                </td>
                <td>http://team-a-hl7.org/fhir/CodeSystem/AnimalSpecieCs</td>
                <td>Pajaro</td>
              </tr>
              <tr>
                <td style="white-space:nowrap">
                  <a name="null-x-http---team-a-hl7.org-fhir-CodeSystem-AnimalSpecieCs-FELINE"> </a>  
                  <a href="CodeSystem-AnimalSpecie.html#AnimalSpecie-FELINE">FELINE</a>
                </td>
                <td>http://team-a-hl7.org/fhir/CodeSystem/AnimalSpecieCs</td>
                <td>Felino</td>
              </tr>
              <tr>
                <td style="white-space:nowrap">
                  <a name="null-x-http---team-a-hl7.org-fhir-CodeSystem-AnimalSpecieCs-CANINE"> </a>  
                  <a href="CodeSystem-AnimalSpecie.html#AnimalSpecie-CANINE">CANINE</a>
                </td>
                <td>http://team-a-hl7.org/fhir/CodeSystem/AnimalSpecieCs</td>
                <td>Canino</td>
              </tr>
            </table>
          </div>
        </text>
        <url value="http://team-a-hl7.org/fhir/ValueSet/AnimalSpecieList"/>
        <version value="0.1"/>
        <name value="AnimalSpecie"/>
        <title value="Animal Specie Value Set"/>
        <status value="active"/>
        <experimental value="true"/>
        <date value="2024-07-24T22:33:22-05:00"/>
        <jurisdiction>
          <coding>
            <display value="Colombia"/>
          </coding>
        </jurisdiction>
        <expansion>
          <identifier value="urn:uuid:901ca9dd-a209-4dbc-81ac-145836c5115e"/>
          <timestamp value="2024-07-24T22:33:44-05:00"/>
          <total value="3"/>
          <offset value="0"/>
          <parameter>
            <name value="count"/>
            <valueInteger value="1000"/>
          </parameter>
          <parameter>
            <name value="offset"/>
            <valueInteger value="0"/>
          </parameter>
          <parameter>
            <name value="excludeNested"/>
            <valueBoolean value="false"/>
          </parameter>
          <parameter>
            <name value="used-codesystem"/>
            <valueUri value="http://team-a-hl7.org/fhir/CodeSystem/AnimalSpecieCs|0.1"/>
          </parameter>
          <contains>
            <system value="http://team-a-hl7.org/fhir/CodeSystem/AnimalSpecieCs"/>
            <code value="BIRD"/>
            <display value="Pajaro"/>
          </contains>
          <contains>
            <system value="http://team-a-hl7.org/fhir/CodeSystem/AnimalSpecieCs"/>
            <code value="FELINE"/>
            <display value="Felino"/>
          </contains>
          <contains>
            <system value="http://team-a-hl7.org/fhir/CodeSystem/AnimalSpecieCs"/>
            <code value="CANINE"/>
            <display value="Canino"/>
          </contains>
        </expansion>
      </ValueSet>
    </resource>
  </entry>
  <entry>
    <fullUrl value="http://team-a-hl7.org/fhir/ValueSet/PetPatientContactRoleList"/>
    <resource>
      <ValueSet>
        <text>
          <status value="generated"/>
          <div xmlns="http://www.w3.org/1999/xhtml">
            <p class="res-header-id">
              <b>Generated Narrative: ValueSet </b>
            </p>
            <p style="border: black 1px dotted; background-color: #EEEEEE; padding: 8px; margin-bottom: 8px">Expansion based on SNOMED CT International edition 01-feb. 2024</p>
            <p>This value set contains 1 concepts</p>
            <table class="codes">
              <tr>
                <td style="white-space:nowrap">
                  <b>Code</b>
                </td>
                <td>
                  <b>System</b>
                </td>
                <td>
                  <b>Display</b>
                </td>
              </tr>
              <tr>
                <td style="white-space:nowrap">
                  <a name="null-x-http---snomed.info-sct-224150009"> </a>  
                  <a href="http://snomed.info/id/224150009">224150009</a>
                </td>
                <td>http://snomed.info/sct</td>
                <td>Pet ownership</td>
              </tr>
            </table>
          </div>
        </text>
        <url value="http://team-a-hl7.org/fhir/ValueSet/PetPatientContactRoleList"/>
        <version value="0.1"/>
        <name value="PetPatientContactRole"/>
        <title value="Pet Patient Contact Role Value Set"/>
        <status value="active"/>
        <experimental value="true"/>
        <date value="2024-07-24T22:33:22-05:00"/>
        <jurisdiction>
          <coding>
            <display value="Colombia"/>
          </coding>
        </jurisdiction>
        <expansion>
          <identifier value="urn:uuid:b9d6338c-5dc1-41be-bccb-eef90a11545f"/>
          <timestamp value="2024-07-24T22:33:44-05:00"/>
          <total value="1"/>
          <offset value="0"/>
          <parameter>
            <name value="count"/>
            <valueInteger value="1000"/>
          </parameter>
          <parameter>
            <name value="offset"/>
            <valueInteger value="0"/>
          </parameter>
          <parameter>
            <name value="excludeNested"/>
            <valueBoolean value="false"/>
          </parameter>
          <parameter>
            <name value="used-valueset"/>
            <valueUri value="null"/>
          </parameter>
          <parameter>
            <name value="used-codesystem"/>
            <valueUri value="http://snomed.info/sct|http://snomed.info/sct/900000000000207008/version/20240201"/>
          </parameter>
          <parameter>
            <name value="version"/>
            <valueUri value="http://snomed.info/sct|http://snomed.info/sct/900000000000207008/version/20240201"/>
          </parameter>
          <contains>
            <system value="http://snomed.info/sct"/>
            <code value="224150009"/>
            <display value="Pet ownership"/>
          </contains>
        </expansion>
      </ValueSet>
    </resource>
  </entry>
  <entry>
    <fullUrl value="http://team-a-hl7.org/fhir/ValueSet/VetOrganizationList"/>
    <resource>
      <ValueSet>
        <text>
          <status value="generated"/>
          <div xmlns="http://www.w3.org/1999/xhtml">
            <p class="res-header-id">
              <b>Generated Narrative: ValueSet </b>
            </p>
            <p style="border: black 1px dotted; background-color: #EEEEEE; padding: 8px; margin-bottom: 8px">Expansion based on 
              <a href="CodeSystem-VetOrganizationCs.html">codesystem VetOrganizationCs v0.1 (CodeSystem)</a>
            </p>
            <p>This value set contains 1 concepts</p>
            <table class="codes">
              <tr>
                <td style="white-space:nowrap">
                  <b>Code</b>
                </td>
                <td>
                  <b>System</b>
                </td>
                <td>
                  <b>Display</b>
                </td>
                <td>
                  <b>Definition</b>
                </td>
              </tr>
              <tr>
                <td style="white-space:nowrap">
                  <a name="null-x-http---team-a-hl7.org-fhir-CodeSystem-VetOrganizationCs-VET"> </a>  
                  <a href="CodeSystem-VetOrganizationCs.html#VetOrganizationCs-VET">VET</a>
                </td>
                <td>http://team-a-hl7.org/fhir/CodeSystem/VetOrganizationCs</td>
                <td>Veterinarian Healtcare Provider</td>
                <td>
                  <div>
                    <p>An organization that provides healthcare services from pets.</p>

                  </div>
                </td>
              </tr>
            </table>
          </div>
        </text>
        <url value="http://team-a-hl7.org/fhir/ValueSet/VetOrganizationList"/>
        <version value="0.1"/>
        <name value="VetOrganizationValueSet"/>
        <title value="Vet Organization Value Set"/>
        <status value="active"/>
        <experimental value="true"/>
        <date value="2024-07-24T22:33:22-05:00"/>
        <jurisdiction>
          <coding>
            <display value="Colombia"/>
          </coding>
        </jurisdiction>
        <expansion>
          <identifier value="urn:uuid:8549d4fb-4a51-4ea1-8c51-a03346bd6b74"/>
          <timestamp value="2024-07-24T22:33:44-05:00"/>
          <total value="1"/>
          <offset value="0"/>
          <parameter>
            <name value="count"/>
            <valueInteger value="1000"/>
          </parameter>
          <parameter>
            <name value="offset"/>
            <valueInteger value="0"/>
          </parameter>
          <parameter>
            <name value="excludeNested"/>
            <valueBoolean value="false"/>
          </parameter>
          <parameter>
            <name value="used-codesystem"/>
            <valueUri value="http://team-a-hl7.org/fhir/CodeSystem/VetOrganizationCs|0.1"/>
          </parameter>
          <contains>
            <system value="http://team-a-hl7.org/fhir/CodeSystem/VetOrganizationCs"/>
            <code value="VET"/>
            <display value="Veterinarian Healtcare Provider"/>
          </contains>
        </expansion>
      </ValueSet>
    </resource>
  </entry>
</Bundle>