{
  "codeSystems" : [
    {
      "url" : "http://team-a-hl7.org/fhir/CodeSystem/AnimalRaceCs",
      "version" : "0.1",
      "status" : "active",
      "name" : "AnimalRace",
      "title" : "AnimalRace",
      "description" : "Codes of the different Animal Races"
    },
    {
      "url" : "http://team-a-hl7.org/fhir/CodeSystem/AnimalSpecieCs",
      "version" : "0.1",
      "status" : "active",
      "name" : "AnimalSpecie",
      "title" : "AnimalSpecie",
      "description" : "Codes of the different Animal Species"
    },
    {
      "url" : "http://team-a-hl7.org/fhir/CodeSystem/VetOrganizationCs",
      "version" : "0.1",
      "status" : "active",
      "name" : "VetOrganizationCs",
      "title" : "VetOrganizationCs",
      "description" : "Codes of the Organanization types including Veterinarian"
    }
  ]
}
