{
  "resourceType" : "Composition",
  "id" : "b23c8355-c570-4948-a025-3cef2c6ed2f7",
  "meta" : {
    "profile" : ["https://team-a-hl7.org/fhir/StructureDefinition/VetComposition"]
  },
  "text" : {
    "status" : "generated",
    "div" : "<div xmlns=\"http://www.w3.org/1999/xhtml\"><p class=\"res-header-id\"><b>Generated Narrative: Composition b23c8355-c570-4948-a025-3cef2c6ed2f7</b></p><a name=\"b23c8355-c570-4948-a025-3cef2c6ed2f7\"> </a><a name=\"hcb23c8355-c570-4948-a025-3cef2c6ed2f7\"> </a><a name=\"hcb23c8355-c570-4948-a025-3cef2c6ed2f7-en-US\"> </a><p><b>identifier</b>: <code>http://myvet.example.com/document-identifier</code>/4dad935c-a7bd</p><p><b>status</b>: Final</p><p><b>type</b>: <span title=\"Codes:{http://loinc.org 18842-5}\">Discharge summary</span></p><p><b>category</b>: <span title=\"Codes:{http://loinc.org 11503-0}\">Medical records</span></p><p><b>date</b>: 2023-03-28 09:23:45-0500</p><p><b>author</b>: <a href=\"VetPractitioner/e8bc83dc-e0ff-41df-94f1-c00e4799cf52\">VetPractitioner/e8bc83dc-e0ff-41df-94f1-c00e4799cf52</a></p><p><b>title</b>: HISTORIA CLÍNICA VETERINARIA</p><p><b>custodian</b>: <a href=\"VetOrganization/9bab292b-736c-4ce8-86b4-a004264fc7d9\">VetOrganization/9bab292b-736c-4ce8-86b4-a004264fc7d9</a></p></div>"
  },
  "identifier" : {
    "system" : "http://myvet.example.com/document-identifier",
    "value" : "4dad935c-a7bd"
  },
  "status" : "final",
  "type" : {
    "coding" : [{
      "system" : "http://loinc.org",
      "code" : "18842-5",
      "display" : "Discharge summary"
    }]
  },
  "category" : [{
    "coding" : [{
      "system" : "http://loinc.org",
      "code" : "11503-0",
      "display" : "Medical records"
    }]
  }],
  "subject" : {
    "reference" : "PetPatient/64765015-97b9-4391-bab2-c6b821527adc"
  },
  "date" : "2023-03-28T09:23:45-05:00",
  "author" : [{
    "reference" : "VetPractitioner/e8bc83dc-e0ff-41df-94f1-c00e4799cf52"
  }],
  "title" : "HISTORIA CLÍNICA VETERINARIA",
  "custodian" : {
    "reference" : "VetOrganization/9bab292b-736c-4ce8-86b4-a004264fc7d9"
  },
  "section" : [{
    "title" : "Anamnesis",
    "entry" : [{
      "reference" : "PetRelatedPerson/521a75f2-2781-417a-989e-abd462cc6624"
    }]
  },
  {
    "title" : "Examen físico general",
    "entry" : [{
      "reference" : "PetTypeCoat/238734586325"
    },
    {
      "reference" : "PetWeight/453452453"
    },
    {
      "reference" : "PetParticularSigns/R3453435"
    },
    {
      "reference" : "PetOrigin/FEGR45533"
    },
    {
      "reference" : "PetZootechnicalPurpose/2343324"
    }]
  },
  {
    "title" : "Abordaje diagnóstico"
  },
  {
    "title" : "Exámenes complementarios y resultados"
  },
  {
    "title" : "Diagnóstico presuntivo y justificado"
  },
  {
    "title" : "Diagnóstico definitivo"
  },
  {
    "title" : "Plan terapéutico"
  },
  {
    "title" : "Pronóstico"
  },
  {
    "title" : "Evolución"
  },
  {
    "title" : "Observaciones"
  },
  {
    "title" : "Anexos"
  }]
}