<?xml version="1.0" encoding="UTF-8"?>

<Observation xmlns="http://hl7.org/fhir">
  <id value="2343324"/>
  <meta>
    <profile value="https://team-a-hl7.org/fhir/StructureDefinition/PetZootechnicalPurpose"/>
  </meta>
  <text>
    <status value="generated"/><div xmlns="http://www.w3.org/1999/xhtml"><p class="res-header-id"><b>Generated Narrative: Observation 2343324</b></p><a name="2343324"> </a><a name="hc2343324"> </a><a name="hc2343324-en-US"> </a><p><b>identifier</b>: <code>http://www.bmc.nl/zorgportal/identifiers/observations</code>/6323 (use: official, )</p><p><b>status</b>: Final</p><p><b>code</b>: <span title="Codes:{http://loinc.org 10210-3}">Physical findings of General status Narrative</span></p><p><b>subject</b>: <a href="PetPatient/64765015-97b9-4391-bab2-c6b821527adc">PetPatient/64765015-97b9-4391-bab2-c6b821527adc</a></p><p><b>effective</b>: 2013-04-02 09:30:10+0100 --&gt; (ongoing)</p><p><b>issued</b>: 2013-04-03 15:30:10+0100</p><p><b>performer</b>: <a href="VetPractitioner/e8bc83dc-e0ff-41df-94f1-c00e4799cf52">VetPractitioner/e8bc83dc-e0ff-41df-94f1-c00e4799cf52</a></p><p><b>value</b>: El propósito de este animal, es brindar compañía a su dueño</p></div>
  </text>
  <identifier>
    <use value="official"/>
    <system value="http://www.bmc.nl/zorgportal/identifiers/observations"/>
    <value value="6323"/>
  </identifier>
  <status value="final"/>
  <code>
    <coding>
      <system value="http://loinc.org"/>
      <code value="10210-3"/>
      <display value="Physical findings of General status Narrative"/>
    </coding>
  </code>
  <subject>
    <reference value="PetPatient/64765015-97b9-4391-bab2-c6b821527adc"/>
  </subject>
  <effectivePeriod>
    <start value="2013-04-02T09:30:10+01:00"/>
  </effectivePeriod>
  <issued value="2013-04-03T15:30:10+01:00"/>
  <performer>
    <reference value="VetPractitioner/e8bc83dc-e0ff-41df-94f1-c00e4799cf52"/>
  </performer>
  <valueString value="El propósito de este animal, es brindar compañía a su dueño"/>
</Observation>