{
  "resourceType" : "Organization",
  "id" : "9bab292b-736c-4ce8-86b4-a004264fc7d9",
  "meta" : {
    "profile" : ["https://team-a-hl7.org/fhir/StructureDefinition/VetOrganization"]
  },
  "text" : {
    "status" : "generated",
    "div" : "<div xmlns=\"http://www.w3.org/1999/xhtml\"><p class=\"res-header-id\"><b>Generated Narrative: Organization 9bab292b-736c-4ce8-86b4-a004264fc7d9</b></p><a name=\"9bab292b-736c-4ce8-86b4-a004264fc7d9\"> </a><a name=\"hc9bab292b-736c-4ce8-86b4-a004264fc7d9\"> </a><a name=\"hc9bab292b-736c-4ce8-86b4-a004264fc7d9-en-US\"> </a><p><b>identifier</b>: Tax ID number/960000000-0\u00a0(use:\u00a0official,\u00a0)</p><p><b>active</b>: true</p><p><b>type</b>: <span title=\"Codes:{http://team-a-hl7.org/fhir/CodeSystem/VetOrganizationCs VET}\">Veterinarian Healtcare Provider</span></p><p><b>name</b>: MI CONSULTORIO VETRINARIO</p><p><b>telecom</b>: <a href=\"tel:+57(600)919-2200\">+57(600)919-2200</a></p><p><b>address</b>: Kra 7 No. 39-60(work)</p></div>"
  },
  "identifier" : [{
    "use" : "official",
    "type" : {
      "coding" : [{
        "system" : "http://terminology.hl7.org/CodeSystem/v2-0203",
        "code" : "TAX",
        "display" : "Tax ID number"
      }]
    },
    "value" : "960000000-0"
  }],
  "active" : true,
  "type" : [{
    "coding" : [{
      "system" : "http://team-a-hl7.org/fhir/CodeSystem/VetOrganizationCs",
      "code" : "VET",
      "display" : "Veterinarian Healtcare Provider"
    }]
  }],
  "name" : "MI CONSULTORIO VETRINARIO",
  "telecom" : [{
    "system" : "phone",
    "value" : "+57(600)919-2200",
    "use" : "work"
  }],
  "address" : [{
    "use" : "work",
    "text" : "Kra 7 No. 39-60",
    "city" : "Bogotá D.C.",
    "district" : "Chapinero",
    "state" : "Bogotá D.C.",
    "postalCode" : "110000",
    "country" : "CO"
  }]
}