<?xml version="1.0" encoding="UTF-8"?>

<Patient xmlns="http://hl7.org/fhir">
  <id value="64765015-97b9-4391-bab2-c6b821527adc"/>
  <meta>
    <profile value="https://team-a-hl7.org/fhir/StructureDefinition/PetPatient"/>
  </meta>
  <text>
    <status value="generated"/><div xmlns="http://www.w3.org/1999/xhtml"><p class="res-header-id"><b>Generated Narrative: Patient 64765015-97b9-4391-bab2-c6b821527adc</b></p><a name="64765015-97b9-4391-bab2-c6b821527adc"> </a><a name="hc64765015-97b9-4391-bab2-c6b821527adc"> </a><a name="hc64765015-97b9-4391-bab2-c6b821527adc-en-US"> </a><p style="border: 1px #661aff solid; background-color: #e6e6ff; padding: 10px;">Michi Female, DoB: 2017-03-21 ( Medical record number: EHR-349827304)</p><hr/><table class="grid"><tr><td style="background-color: #f3f5da" title="Record is active">Active:</td><td colspan="3">true</td></tr><tr><td style="background-color: #f3f5da" title="Other Id (see the one above)">Other Id:</td><td colspan="3">Microchip Number/941091276493756</td></tr><tr><td style="background-color: #f3f5da" title="Nominated Contact: Pet ownership (observable entity)">Pet ownership (observable entity):</td><td colspan="3"><ul><li>María Cristina Reyes López </li><li>Cll 140 # 7B-75(home)</li><li><a href="tel:+57(601)111-1111">+57(601)111-1111</a></li><li><a href="tel:+57(300)222-2222">+57(300)222-2222</a></li><li><a href="mailto:propietario@example.com">propietario@example.com</a></li></ul></td></tr><tr><td style="background-color: #f3f5da" title="Patient Links">Links:</td><td colspan="3"><ul><li>Please refer to: <a href="PetOwnerRelatedPerson/521a75f2-2781-417a-989e-abd462cc6624">PetOwnerRelatedPerson/521a75f2-2781-417a-989e-abd462cc6624</a></li></ul></td></tr><tr><td style="background-color: #f3f5da" title="null"><a href="StructureDefinition-AnimalGenderStatus.html"/></td><td colspan="3"><span title="Codes:{http://hl7.org/fhir/animal-genderstatus neutered}">Neutered</span></td></tr><tr><td style="background-color: #f3f5da" title="null"><a href="StructureDefinition-AnimalRace.html"/></td><td colspan="3"><span title="Codes:{http://team-a-hl7.org/fhir/CodeSystem/AnimalRaceCs ANGORA}">Angora</span></td></tr><tr><td style="background-color: #f3f5da" title="null"><a href="StructureDefinition-AnimalSpecie.html"/></td><td colspan="3"><span title="Codes:{http://team-a-hl7.org/fhir/CodeSystem/AnimalSpecieCs FELINE}">Felino</span></td></tr></table></div>
  </text>
  <extension id="patient-species" url="http://team-a-hl7.org/fhir/StructureDefinition/AnimalSpecie">
    <valueCodeableConcept>
      <coding>
        <system value="http://team-a-hl7.org/fhir/CodeSystem/AnimalSpecieCs"/>
        <code value="FELINE"/>
        <display value="Felino"/>
      </coding>
    </valueCodeableConcept>
  </extension>
  <extension id="patient-race" url="http://team-a-hl7.org/fhir/StructureDefinition/AnimalRace">
    <valueCodeableConcept>
      <coding>
        <system value="http://team-a-hl7.org/fhir/CodeSystem/AnimalRaceCs"/>
        <code value="ANGORA"/>
        <display value="Angora"/>
      </coding>
    </valueCodeableConcept>
  </extension>
  <extension id="patient-gender-status" url="http://team-a-hl7.org/fhir/StructureDefinition/AniamalGenderStatus">
    <valueCodeableConcept>
      <coding>
        <system value="http://hl7.org/fhir/animal-genderstatus"/>
        <code value="neutered"/>
        <display value="Neutered"/>
      </coding>
    </valueCodeableConcept>
  </extension>
  <identifier>
    <type>
      <coding>
        <system value="http://terminology.hl7.org/CodeSystem/v2-0203"/>
        <code value="MR"/>
        <display value="Medical record number"/>
      </coding>
    </type>
    <system value="http://MyVet.example.com/animal-ehr/"/>
    <value value="EHR-349827304"/>
  </identifier>
  <identifier>
    <type>
      <coding>
        <system value="http://terminology.hl7.org/CodeSystem/v2-0203"/>
        <code value="MCN"/>
        <display value="Microchip Number"/>
      </coding>
    </type>
    <system value="http://MyPet.example.com/animal-id/"/>
    <value value="941091276493756"/>
  </identifier>
  <active value="true"/>
  <name>
    <text value="Michi"/>
  </name>
  <gender value="female"/>
  <birthDate value="2017-03-21"/>
  <contact>
    <relationship>
      <coding>
        <system value="http://snomed.info/sct"/>
        <code value="224150009"/>
        <display value="Pet ownership (observable entity)"/>
      </coding>
    </relationship>
    <name>
      <family value="Reyes López"/>
      <given value="María"/>
      <given value="Cristina"/>
    </name>
    <telecom>
      <system value="phone"/>
      <value value="+57(601)111-1111"/>
      <use value="home"/>
    </telecom>
    <telecom>
      <system value="phone"/>
      <value value="+57(300)222-2222"/>
      <use value="home"/>
    </telecom>
    <telecom>
      <system value="email"/>
      <value value="propietario@example.com"/>
    </telecom>
    <address>
      <use value="home"/>
      <text value="Cll 140 # 7B-75"/>
      <city value="Bogotá D.C"/>
      <state value="Bogotá D.C."/>
      <postalCode value="110121"/>
      <country value="CO"/>
    </address>
  </contact>
  <link>
    <other>
      <reference value="PetOwnerRelatedPerson/521a75f2-2781-417a-989e-abd462cc6624"/>
    </other>
    <type value="refer"/>
  </link>
</Patient>