{
  "resourceType" : "Patient",
  "id" : "64765015-97b9-4391-bab2-c6b821527adc",
  "meta" : {
    "profile" : ["https://team-a-hl7.org/fhir/StructureDefinition/PetPatient"]
  },
  "text" : {
    "status" : "generated",
    "div" : "<div xmlns=\"http://www.w3.org/1999/xhtml\"><p class=\"res-header-id\"><b>Generated Narrative: Patient 64765015-97b9-4391-bab2-c6b821527adc</b></p><a name=\"64765015-97b9-4391-bab2-c6b821527adc\"> </a><a name=\"hc64765015-97b9-4391-bab2-c6b821527adc\"> </a><a name=\"hc64765015-97b9-4391-bab2-c6b821527adc-en-US\"> </a><p style=\"border: 1px #661aff solid; background-color: #e6e6ff; padding: 10px;\">Michi Female, DoB: 2017-03-21 ( Medical record number: EHR-349827304)</p><hr/><table class=\"grid\"><tr><td style=\"background-color: #f3f5da\" title=\"Record is active\">Active:</td><td colspan=\"3\">true</td></tr><tr><td style=\"background-color: #f3f5da\" title=\"Other Id (see the one above)\">Other Id:</td><td colspan=\"3\">Microchip Number/941091276493756</td></tr><tr><td style=\"background-color: #f3f5da\" title=\"Nominated Contact: Pet ownership (observable entity)\">Pet ownership (observable entity):</td><td colspan=\"3\"><ul><li>María Cristina Reyes López </li><li>Cll 140 # 7B-75(home)</li><li><a href=\"tel:+57(601)111-1111\">+57(601)111-1111</a></li><li><a href=\"tel:+57(300)222-2222\">+57(300)222-2222</a></li><li><a href=\"mailto:propietario@example.com\">propietario@example.com</a></li></ul></td></tr><tr><td style=\"background-color: #f3f5da\" title=\"Patient Links\">Links:</td><td colspan=\"3\"><ul><li>Please refer to: <a href=\"PetOwnerRelatedPerson/521a75f2-2781-417a-989e-abd462cc6624\">PetOwnerRelatedPerson/521a75f2-2781-417a-989e-abd462cc6624</a></li></ul></td></tr><tr><td style=\"background-color: #f3f5da\" title=\"null\"><a href=\"StructureDefinition-AnimalGenderStatus.html\"/></td><td colspan=\"3\"><span title=\"Codes:{http://hl7.org/fhir/animal-genderstatus neutered}\">Neutered</span></td></tr><tr><td style=\"background-color: #f3f5da\" title=\"null\"><a href=\"StructureDefinition-AnimalRace.html\"/></td><td colspan=\"3\"><span title=\"Codes:{http://team-a-hl7.org/fhir/CodeSystem/AnimalRaceCs ANGORA}\">Angora</span></td></tr><tr><td style=\"background-color: #f3f5da\" title=\"null\"><a href=\"StructureDefinition-AnimalSpecie.html\"/></td><td colspan=\"3\"><span title=\"Codes:{http://team-a-hl7.org/fhir/CodeSystem/AnimalSpecieCs FELINE}\">Felino</span></td></tr></table></div>"
  },
  "extension" : [{
    "id" : "patient-species",
    "url" : "http://team-a-hl7.org/fhir/StructureDefinition/AnimalSpecie",
    "valueCodeableConcept" : {
      "coding" : [{
        "system" : "http://team-a-hl7.org/fhir/CodeSystem/AnimalSpecieCs",
        "code" : "FELINE",
        "display" : "Felino"
      }]
    }
  },
  {
    "id" : "patient-race",
    "url" : "http://team-a-hl7.org/fhir/StructureDefinition/AnimalRace",
    "valueCodeableConcept" : {
      "coding" : [{
        "system" : "http://team-a-hl7.org/fhir/CodeSystem/AnimalRaceCs",
        "code" : "ANGORA",
        "display" : "Angora"
      }]
    }
  },
  {
    "id" : "patient-gender-status",
    "url" : "http://team-a-hl7.org/fhir/StructureDefinition/AniamalGenderStatus",
    "valueCodeableConcept" : {
      "coding" : [{
        "system" : "http://hl7.org/fhir/animal-genderstatus",
        "code" : "neutered",
        "display" : "Neutered"
      }]
    }
  }],
  "identifier" : [{
    "type" : {
      "coding" : [{
        "system" : "http://terminology.hl7.org/CodeSystem/v2-0203",
        "code" : "MR",
        "display" : "Medical record number"
      }]
    },
    "system" : "http://MyVet.example.com/animal-ehr/",
    "value" : "EHR-349827304"
  },
  {
    "type" : {
      "coding" : [{
        "system" : "http://terminology.hl7.org/CodeSystem/v2-0203",
        "code" : "MCN",
        "display" : "Microchip Number"
      }]
    },
    "system" : "http://MyPet.example.com/animal-id/",
    "value" : "941091276493756"
  }],
  "active" : true,
  "name" : [{
    "text" : "Michi"
  }],
  "gender" : "female",
  "birthDate" : "2017-03-21",
  "contact" : [{
    "relationship" : [{
      "coding" : [{
        "system" : "http://snomed.info/sct",
        "code" : "224150009",
        "display" : "Pet ownership (observable entity)"
      }]
    }],
    "name" : {
      "family" : "Reyes López",
      "given" : ["María",
      "Cristina"]
    },
    "telecom" : [{
      "system" : "phone",
      "value" : "+57(601)111-1111",
      "use" : "home"
    },
    {
      "system" : "phone",
      "value" : "+57(300)222-2222",
      "use" : "home"
    },
    {
      "system" : "email",
      "value" : "propietario@example.com"
    }],
    "address" : {
      "use" : "home",
      "text" : "Cll 140 # 7B-75",
      "city" : "Bogotá D.C",
      "state" : "Bogotá D.C.",
      "postalCode" : "110121",
      "country" : "CO"
    }
  }],
  "link" : [{
    "other" : {
      "reference" : "PetOwnerRelatedPerson/521a75f2-2781-417a-989e-abd462cc6624"
    },
    "type" : "refer"
  }]
}