{
  "resourceType" : "RelatedPerson",
  "id" : "521a75f2-2781-417a-989e-abd462cc6624",
  "meta" : {
    "profile" : ["https://team-a-hl7.org/fhir/StructureDefinition/PetOwnerRelatedPersonProfile"]
  },
  "text" : {
    "status" : "generated",
    "div" : "<div xmlns=\"http://www.w3.org/1999/xhtml\"><p class=\"res-header-id\"><b>Generated Narrative: RelatedPerson 521a75f2-2781-417a-989e-abd462cc6624</b></p><a name=\"521a75f2-2781-417a-989e-abd462cc6624\"> </a><a name=\"hc521a75f2-2781-417a-989e-abd462cc6624\"> </a><a name=\"hc521a75f2-2781-417a-989e-abd462cc6624-en-US\"> </a><p><b>identifier</b>: Person Number/28374987\u00a0(use:\u00a0official,\u00a0)</p><p><b>active</b>: true</p><p><b>patient</b>: <a href=\"Patient-64765015-97b9-4391-bab2-c6b821527adc.html\">Michi Female, DoB: 2017-03-21 ( Medical record number: EHR-349827304)</a></p><p><b>relationship</b>: <span title=\"Codes:{http://snomed.info/sct 224150009}\">Pet ownership</span></p><p><b>name</b>: María Reyes López</p><p><b>telecom</b>: <a href=\"tel:+57(601)111-1111\">+57(601)111-1111</a>, <a href=\"tel:+57(300)222-2222\">+57(300)222-2222</a></p><p><b>address</b>: Cll 140 # 7B-75(home)</p></div>"
  },
  "identifier" : [{
    "use" : "official",
    "type" : {
      "coding" : [{
        "system" : "http://terminology.hl7.org/CodeSystem/v2-0203",
        "code" : "PN",
        "display" : "Person Number"
      }]
    },
    "value" : "28374987"
  }],
  "active" : true,
  "patient" : {
    "reference" : "Patient/64765015-97b9-4391-bab2-c6b821527adc"
  },
  "relationship" : [{
    "coding" : [{
      "system" : "http://snomed.info/sct",
      "code" : "224150009",
      "display" : "Pet ownership"
    }]
  }],
  "name" : [{
    "text" : "María Reyes López",
    "family" : "Reyes López",
    "given" : ["María"]
  }],
  "telecom" : [{
    "system" : "phone",
    "value" : "+57(601)111-1111",
    "use" : "home"
  },
  {
    "system" : "phone",
    "value" : "+57(300)222-2222",
    "use" : "home"
  }],
  "address" : [{
    "use" : "home",
    "text" : "Cll 140 # 7B-75",
    "city" : "Bogotá D.C",
    "state" : "Bogotá D.C.",
    "postalCode" : "110121",
    "country" : "CO"
  }]
}