{
  "package": "fhir.profiling.example",
  "version": "0.1",
  "fhirVersion": "4.0.1",
  "extensions": [
    {
      "url": "http://team-a-hl7.org/fhir/StructureDefinition/AniamalGenderStatus",
      "title": "AnimalGenderStatus",
      "types": [
        "CodeableConcept",
        "string",
        "Extension",
        "Coding",
        "string",
        "Extension",
        "uri",
        "string",
        "code",
        "string",
        "boolean",
        "string"
      ]
    },
    {
      "url": "http://team-a-hl7.org/fhir/StructureDefinition/AnimalRace",
      "title": "AnimalRace",
      "types": [
        "CodeableConcept",
        "string",
        "Extension",
        "Coding",
        "string",
        "Extension",
        "uri",
        "string",
        "code",
        "string",
        "boolean",
        "string"
      ]
    },
    {
      "url": "http://team-a-hl7.org/fhir/StructureDefinition/AnimalSpecie",
      "title": "AnimalSpecie",
      "types": [
        "CodeableConcept",
        "string",
        "Extension",
        "Coding",
        "string",
        "Extension",
        "uri",
        "string",
        "code",
        "string",
        "boolean",
        "string"
      ]
    }
  ],
  "profiles": {
    "Observation": [
      {
        "url": "https://team-a-hl7.org/fhir/StructureDefinition/PetTypeCoat",
        "title": "PetTypeCoat"
      },
      {
        "url": "https://team-a-hl7.org/fhir/StructureDefinition/PetWeight",
        "title": "PetWeight"
      },
      {
        "url": "https://team-a-hl7.org/fhir/StructureDefinition/PetZootechnicalPurpose",
        "title": "PetZootechnicalPurpose"
      }
    ],
    "RelatedPerson": [
      {
        "url": "https://team-a-hl7.org/fhir/StructureDefinition/PetOwnerRelatedPersonProfile",
        "title": "PetOwnerRelatedPerson"
      }
    ],
    "Patient": [
      {
        "url": "https://team-a-hl7.org/fhir/StructureDefinition/PetPatient",
        "title": "PetPatient"
      }
    ],
    "Composition": [
      {
        "url": "https://team-a-hl7.org/fhir/StructureDefinition/VetComposition",
        "title": "VetComposition"
      }
    ],
    "Organization": [
      {
        "url": "https://team-a-hl7.org/fhir/StructureDefinition/VetOrganization",
        "title": "VetOrganization"
      }
    ],
    "Practitioner": [
      {
        "url": "https://team-a-hl7.org/fhir/StructureDefinition/VetPractitioner",
        "title": "VetPractitioner"
      }
    ]
  },
  "usage": {
    "http://hl7.org/fhir/StructureDefinition/elementdefinition-bestpractice": [
      "StructureDefinition.snapshot.element.constraint"
    ],
    "http://hl7.org/fhir/StructureDefinition/elementdefinition-bestpractice-explanation": [
      "StructureDefinition.snapshot.element.constraint"
    ],
    "http://hl7.org/fhir/StructureDefinition/elementdefinition-bindingName": [
      "StructureDefinition.snapshot.element.binding"
    ],
    "http://hl7.org/fhir/StructureDefinition/elementdefinition-maxValueSet": [
      "StructureDefinition.snapshot.element.binding"
    ],
    "http://hl7.org/fhir/StructureDefinition/elementdefinition-translatable": [
      "StructureDefinition.snapshot.element"
    ],
    "http://hl7.org/fhir/StructureDefinition/structuredefinition-display-hint": [
      "StructureDefinition.snapshot.element"
    ],
    "http://hl7.org/fhir/StructureDefinition/structuredefinition-fhir-type": [
      "StructureDefinition.snapshot.element.type"
    ],
    "http://hl7.org/fhir/StructureDefinition/structuredefinition-hierarchy": [
      "StructureDefinition.differential.element.type",
      "StructureDefinition.snapshot.element.type"
    ],
    "http://hl7.org/fhir/tools/StructureDefinition/ig-internal-dependency": [
      "ImplementationGuide.definition"
    ],
    "http://hl7.org/fhir/tools/StructureDefinition/ig-page-name": [
      "ImplementationGuide.definition.page",
      "ImplementationGuide.definition.page.page"
    ],
    "http://hl7.org/fhir/tools/StructureDefinition/ig-parameter": [
      "ImplementationGuide.definition"
    ],
    "http://hl7.org/fhir/tools/StructureDefinition/implementationguide-dependency-comment": [
      "ImplementationGuide.dependsOn"
    ],
    "http://hl7.org/fhir/tools/StructureDefinition/resource-information": [
      "ImplementationGuide.definition.resource"
    ],
    "http://team-a-hl7.org/fhir/StructureDefinition/AniamalGenderStatus": [
      "Patient"
    ],
    "http://team-a-hl7.org/fhir/StructureDefinition/AnimalRace": [
      "Patient"
    ],
    "http://team-a-hl7.org/fhir/StructureDefinition/AnimalSpecie": [
      "Patient"
    ]
  }
}